algorithm,curve_algo_index_mean,curve_algo_index_std,curve_seed_index_mean,curve_seed_index_std,entropy_lastk_mean,entropy_lastk_std,entropy_mean,entropy_std,eval_window_k_mean,eval_window_k_std,exploitability_lastk_mean,exploitability_lastk_std,exploitability_mean,exploitability_std,external_regret_avg_lastk_mean,external_regret_avg_lastk_std,external_regret_avg_mean,external_regret_avg_std,external_regret_cum_last_mean,external_regret_cum_last_std,external_regret_pos_avg_mean,external_regret_pos_avg_std,game,instant_regret_avg_lastk_mean,instant_regret_avg_lastk_std,instant_regret_avg_mean,instant_regret_avg_std,instant_regret_ds_stride_mean,instant_regret_ds_stride_std,n,n_rounds_mean,n_rounds_std,opponent_group,time_avg_exploitability_lastk_mean,time_avg_exploitability_lastk_std,time_avg_exploitability_mean,time_avg_exploitability_std
MW,0.0,0.0,9.5,5.916079783099616,0.060053454328080326,0.01771583388062121,0.062201926257295446,0.15808721637667908,1000.0,0.0,0.9492818284352346,0.015051884345257902,0.9513202019107139,0.14533740526562025,0.007815254872039712,0.003274676715131866,0.007670000000000001,0.0032582042196341995,76.7,32.582042196341995,0.007670000000000001,0.0032582042196341995,Matching Pennies,1.0002091124164765,0.002653374469633312,1.00063,0.004876700782938791,25.0,0.0,20,10000.0,0.0,MW Opponent,0.007813807560636266,0.0018791223687662118,0.007697431417467132,0.005548213465735851
EXP3,1.0,0.0,9.5,5.916079783099616,0.2482477193675919,0.056261673276140726,0.24883635756349837,0.12449211580986155,1000.0,0.0,0.8402158445873518,0.07018115736226087,0.8419997829716446,0.1609450250948195,0.022654514036882366,0.01847730439855671,0.02228,0.020287138782982682,222.8,202.8713878298268,0.02319,0.018944403422980403,Matching Pennies,1.000688392257739,0.011699442226365174,0.9996300000000001,0.012520009248357103,25.0,0.0,20,10000.0,0.0,MW Opponent,0.01273863022066259,0.007763830196749265,0.010787071251044783,0.007234394100823586
PG-Vanilla,2.0,0.0,9.5,5.916079783099616,0.04786301339716541,0.1068535030217919,0.04444414494204953,0.10096619836264956,1000.0,0.0,0.9660746289442793,0.07872423539121158,0.9751316416448127,0.06037995084150517,1.033598369385796,0.708420413706666,1.01275,0.7111415726251628,10127.5,7111.415726251626,1.01275,0.7111415726251628,Matching Pennies,1.4958208636658583,0.3638208021284911,1.48323,0.3628092337651609,25.0,0.0,20,10000.0,0.0,MW Opponent,0.4979786536698728,0.36307118934501714,0.485347769190032,0.3620276564068504
PG-RM+ 0.1,4.0,0.0,9.5,5.916079783099616,0.2100900464233011,0.11866450268289495,0.2429714918602258,0.21169821766045918,1000.0,0.0,0.845328296524445,0.11507172750906754,0.8209964357704264,0.20362696638371316,0.055661996849951025,0.018868894573989343,0.05125999999999999,0.016393336258498772,512.6,163.93336258498772,0.05125999999999999,0.016393336258498772,Matching Pennies,1.0242130056683592,0.011257820049352779,1.02699,0.020887011829313823,25.0,0.0,20,10000.0,0.0,MW Opponent,0.02744906238979287,0.01181452609666744,0.030661832074274142,0.019131667659529998
PG-RM+ 0.05,3.0,0.0,9.5,5.916079783099616,0.20836666396360376,0.11114462288668592,0.18374148905277252,0.18795314381540398,1000.0,0.0,0.8457847181204861,0.09004492918511933,0.8648789249061688,0.22259146073943842,0.05061875354740235,0.014652856157742427,0.048170000000000004,0.021111062203698353,481.7,211.1106220369835,0.048170000000000004,0.021111062203698353,Matching Pennies,1.02146367232988,0.008673445062105887,1.02086,0.017295706799209193,25.0,0.0,20,10000.0,0.0,MW Opponent,0.023860465727555246,0.008558745120336395,0.021584871866136716,0.01748508121210124
PG-RM+ 0.2,5.0,0.0,9.5,5.916079783099616,0.26000612630955877,0.07741315439350456,0.2533161321654916,0.20739505517654938,1000.0,0.0,0.8049370324350719,0.07395871930207545,0.7997557965215445,0.259754283336598,0.04779452872992025,0.017881252286688538,0.04882000000000001,0.017889002796484536,488.2,178.89002796484536,0.04882000000000001,0.017889002796484536,Matching Pennies,1.0238261893736058,0.010330247252318715,1.01823,0.01413979453435176,25.0,0.0,20,10000.0,0.0,MW Opponent,0.026287249651656002,0.011603100697705829,0.02081690718392803,0.012692416282882101
PG-RM+ 0.5,6.0,0.0,9.5,5.916079783099616,0.2428458601020742,0.04105838986929693,0.28208832307718695,0.21781420531570828,1000.0,0.0,0.8221648367080325,0.03558541085022458,0.7718182326319705,0.26158897917644336,0.04638796489314908,0.007759300954654481,0.042589999999999996,0.01013456306019419,425.9,101.34563060194189,0.042589999999999996,0.01013456306019419,Matching Pennies,1.0201297670013627,0.00395693945522937,1.0196900000000002,0.012281346574549993,25.0,0.0,20,10000.0,0.0,MW Opponent,0.02351250295397977,0.004406610767670784,0.021576070961022147,0.012276071182441107
PG-RM+ 1.0,7.0,0.0,9.5,5.916079783099616,0.24018967452375217,0.027291581520003754,0.32637917064130306,0.25414100724857,1000.0,0.0,0.8168006231235294,0.02325516715664035,0.6983418226733529,0.3200290214285255,0.04810844906751645,0.008005275560614419,0.04422,0.00632618617959884,442.2,63.261861795988395,0.04422,0.00632618617959884,Matching Pennies,1.0216086393889747,0.0030720601617070828,1.0249399999999995,0.013449022660636573,25.0,0.0,20,10000.0,0.0,MW Opponent,0.02349584468186495,0.0037108633827976785,0.027441199228002734,0.013058160937280969
PG-RM+ 2.0,8.0,0.0,9.5,5.916079783099616,0.2517951249940321,0.03779803121527198,0.23062173780053855,0.2092199339891557,1000.0,0.0,0.7955915146128296,0.030779742892906695,0.8274787116405162,0.22044118301004903,0.04655755560819924,0.007040569365786553,0.04492,0.0068761678433940454,449.2,68.76167843394046,0.04492,0.0068761678433940454,Matching Pennies,1.0209944582438766,0.004723928512240975,1.02013,0.012275482625306866,25.0,0.0,20,10000.0,0.0,MW Opponent,0.022639177082138553,0.005936997778954348,0.025114253198000848,0.013056782482309624
PG-RM-NoClip,9.0,0.0,9.5,5.916079783099616,0.15153069947606707,0.08789582596484381,0.13120756018906832,0.1099043849736807,1000.0,0.0,0.8984727318159729,0.07171639985103719,0.9320379617477812,0.07388429081065453,0.09072167262083661,0.027360077624365164,0.08925999999999999,0.030012846372318987,892.6,300.1284637231899,0.08925999999999999,0.030012846372318987,Matching Pennies,1.0418784547298017,0.026193928925643983,1.0386199999999999,0.03367090888679956,25.0,0.0,20,10000.0,0.0,MW Opponent,0.04392546841272717,0.025796366493955645,0.04059427737699591,0.031335927896741333
PG-SoftmaxRM 0.5,10.0,0.0,9.5,5.916079783099616,0.19881604188540952,0.10691752736998622,0.18014809231972323,0.17717853090275146,1000.0,0.0,0.8579518889886606,0.09108803340395519,0.8799381481510172,0.1690405651863037,0.07375727412321062,0.028671358132178526,0.069,0.02809967222135106,690.0,280.9967222135106,0.069,0.02809967222135106,Matching Pennies,1.0291151620071646,0.014341900239675173,1.0288200000000003,0.02233768588118106,25.0,0.0,20,10000.0,0.0,MW Opponent,0.03232719083778684,0.01353942623507269,0.031762741306821995,0.02464046254738772
PG-SoftmaxRM 1.0,11.0,0.0,9.5,5.916079783099616,0.19152633326850482,0.10169690233793251,0.13186991748516447,0.12842981453847452,1000.0,0.0,0.8621975500260861,0.07872379957871392,0.9277912320123388,0.08702640426168802,0.07769286036817864,0.037350537366010586,0.07562999999999999,0.04087991528469954,756.3,408.79915284699536,0.07562999999999999,0.04087991528469954,Matching Pennies,1.0368323645152329,0.029528294278357722,1.0287399999999998,0.02844319176700704,25.0,0.0,20,10000.0,0.0,MW Opponent,0.03884442427727384,0.029089338213479015,0.03216835805853342,0.026452562710055267
PG-DiscountRM+ 0.95,12.0,0.0,9.5,5.916079783099616,0.4454025142185391,0.04296665323023883,0.42545901536941527,0.1184074331361218,1000.0,0.0,0.613648910178059,0.0558107757041064,0.6710060720547235,0.16236992447099113,0.019211949598391308,0.0054157867689074435,0.018899999999999997,0.007955269686784583,189.0,79.55269686784584,0.018899999999999997,0.007955269686784583,Matching Pennies,1.0037993967682222,0.0026580030793850406,1.00308,0.00435401810793324,25.0,0.0,20,10000.0,0.0,MW Opponent,0.009688106160153741,0.0026076607743827007,0.008177927189038314,0.005769014537208295
PG-DiscountRM+ 0.99,13.0,0.0,9.5,5.916079783099616,0.3766348120485898,0.061134099862018114,0.3559997797012329,0.1607623736344916,1000.0,0.0,0.6893769579443031,0.05878473780022946,0.7214038419892802,0.23862112626504686,0.02804651355687996,0.007818397196579323,0.03146,0.012022452679093923,314.6,120.22452679093922,0.03146,0.012022452679093923,Matching Pennies,1.0095020467956333,0.0036381340402717203,1.0091500000000002,0.007689192689127148,25.0,0.0,20,10000.0,0.0,MW Opponent,0.01342533624445702,0.002351941590132003,0.013208957922309486,0.010378418821281
PG-Progressive-Linear,14.0,0.0,9.5,5.916079783099616,0.17372574980226346,0.1344568715139974,0.16647280293982475,0.22311003403348303,1000.0,0.0,0.8717366361441463,0.11329615669238391,0.8548447619081136,0.26983170759720493,0.07396812082994604,0.03466598283443382,0.06942,0.03567442840614637,694.2,356.74428406146376,0.06942,0.03567442840614637,Matching Pennies,1.0291151073806053,0.018065910450549578,1.0312199999999998,0.02433623246368088,25.0,0.0,20,10000.0,0.0,MW Opponent,0.031628390229717425,0.01770739492093449,0.0327720381962612,0.023404508385135702
PG-Progressive-Exp,15.0,0.0,9.5,5.916079783099616,0.15883353723319016,0.10248744217490338,0.24826851489488036,0.2546462092813534,1000.0,0.0,0.8858260039861421,0.0831334594899781,0.7800741805939526,0.2891811028588743,0.08334976335557362,0.04549249696181896,0.08016,0.050114924765088956,801.6,501.14924765088955,0.08016,0.050114924765088956,Matching Pennies,1.0330693843198149,0.02277449753610491,1.03357,0.019998028850232615,25.0,0.0,20,10000.0,0.0,MW Opponent,0.03645962225932592,0.02097647645540545,0.039893699733133524,0.020182891467312853
PG-RM+only,16.0,0.0,9.5,5.916079783099616,0.21752321607817432,0.11019143388310279,0.18891635038889945,0.16495118982199458,1000.0,0.0,0.8412220905494617,0.09245865358004617,0.8789481825601536,0.15592832613491758,0.050218523270150826,0.021672006545066205,0.046470000000000004,0.02267948528145158,464.7,226.79485281451582,0.046470000000000004,0.02267948528145158,Matching Pennies,1.0194026421269415,0.008958347860000819,1.01906,0.017019505837343473,25.0,0.0,20,10000.0,0.0,MW Opponent,0.02344336622140124,0.008040754105893666,0.023344075620283462,0.017156664583673504
PG-Entropyonly,17.0,0.0,9.5,5.916079783099616,0.172116629935609,0.22196662308889042,0.16712581376976204,0.2347079361428166,1000.0,0.0,0.8521696898825404,0.19846567335552365,0.8605388547188623,0.23068978697261006,0.7131731688057891,0.6767928698858646,0.6907599999999999,0.6639415338876252,6907.6,6639.4153388762525,0.6909400000000001,0.6637438380326524,Matching Pennies,1.2859374513853088,0.3419597589709993,1.2720499999999997,0.3311155808697876,25.0,0.0,20,10000.0,0.0,MW Opponent,0.28941460335262753,0.34029498655053153,0.2743023857954082,0.330465130463293
MW,0.0,0.0,9.5,5.916079783099616,0.14892525484725144,0.12082970904935271,0.21826883046832082,0.28642285925142436,1000.0,0.0,0.8665916214474949,0.11298322532644849,0.7817934157609265,0.3193581978814728,0.011659837197353407,0.007574435411747353,0.01128,0.007119550547611836,112.8,71.19550547611837,0.01128,0.007119550547611836,Matching Pennies,1.0044647855992417,0.011454548246300844,1.0048400000000002,0.0108411690960164,25.0,0.0,20,10000.0,0.0,EXP3 Opponent,0.017886760523040314,0.012056315203064234,0.016599589474792103,0.013489185510832216
EXP3,1.0,0.0,9.5,5.916079783099616,0.22293629526351494,0.018392539680349512,0.2102285145807754,0.044520899280952535,1000.0,0.0,0.8714167049817043,0.021478163485700523,0.8901739998177373,0.03843678757326749,0.022538903063785067,0.019203996997944454,0.022719999999999997,0.019012173385547095,227.2,190.12173385547092,0.02382,0.01717463245603818,Matching Pennies,1.0001061030940819,0.018565672608395766,1.0001799999999998,0.017396055209216405,25.0,0.0,20,10000.0,0.0,EXP3 Opponent,0.019906728441096873,0.00876681572152567,0.020179394613500646,0.015530112295727093
PG-Vanilla,2.0,0.0,9.5,5.916079783099616,0.0411206413508763,0.10511842418311465,0.04706779083566272,0.13347930086399154,1000.0,0.0,0.9703588376564521,0.07971919144924967,0.9663227313595815,0.10731046466780543,1.0158070115115734,0.5596937454701097,0.9957,0.5686716136844939,9957.0,5686.71613684494,0.9957,0.5686716136844939,Matching Pennies,1.4333782588021782,0.3337453132724603,1.42753,0.3330770814849415,25.0,0.0,20,10000.0,0.0,EXP3 Opponent,0.47784473959200735,0.3739467239635608,0.4687229212020981,0.3758131453394471
PG-RM+ 0.1,4.0,0.0,9.5,5.916079783099616,0.2622977765797637,0.15776813762526576,0.20747092687524854,0.17238535440188194,1000.0,0.0,0.7865846560055408,0.168167013929403,0.8641625567862301,0.16127202593162687,0.04524424104711776,0.021154257078954568,0.04540999999999999,0.019011185073391317,454.1,190.11185073391317,0.045799999999999993,0.017910302827379026,Matching Pennies,1.0202220865272285,0.021036272130546017,1.01766,0.0236023281634851,25.0,0.0,20,10000.0,0.0,EXP3 Opponent,0.03136729846087641,0.020057573453808365,0.02928762228521047,0.027109008480100685
PG-RM+ 0.05,3.0,0.0,9.5,5.916079783099616,0.2636569179109385,0.13058281995961232,0.28060076145338825,0.24282785516507333,1000.0,0.0,0.7942211415553053,0.12075175814447313,0.739814041773083,0.3322632092810485,0.05329667615342678,0.02334525660081167,0.05181,0.024947226404214914,518.1,249.47226404214913,0.05181,0.024947226404214914,Matching Pennies,1.0255065921740518,0.018840492853835506,1.02162,0.02015423685377081,25.0,0.0,20,10000.0,0.0,EXP3 Opponent,0.02829267564674698,0.01302259008240137,0.024567041716827467,0.022394784546265423
PG-RM+ 0.2,5.0,0.0,9.5,5.916079783099616,0.2895167787304614,0.12800371443240408,0.3452326769940555,0.22249816500090358,1000.0,0.0,0.7700103303959813,0.13238891806548855,0.6959922556933773,0.30094222712944607,0.0428162943636007,0.016400521425434102,0.0427,0.014571421200057104,427.0,145.71421200057108,0.0427,0.014571421200057104,Matching Pennies,1.0199339620003989,0.015319629570015559,1.0210899999999998,0.020082301713331155,25.0,0.0,20,10000.0,0.0,EXP3 Opponent,0.024516352735558227,0.011962803250945741,0.02756246148174319,0.01971099692353778
PG-RM+ 0.5,6.0,0.0,9.5,5.916079783099616,0.24557275317357852,0.13084685536067375,0.2750976335257292,0.22248910676513173,1000.0,0.0,0.8088114783013405,0.15687167154607168,0.7802783057847593,0.2511109652119318,0.04327496963636892,0.01964429099489009,0.04115,0.018944559002243195,411.5,189.44559002243196,0.04253999999999999,0.013991741925338072,Matching Pennies,1.012506642849472,0.01901286156195894,1.0134500000000002,0.025463937348005672,25.0,0.0,20,10000.0,0.0,EXP3 Opponent,0.03138733262129602,0.016969986793392844,0.030905529622101892,0.0239768521227937
PG-RM+ 1.0,7.0,0.0,9.5,5.916079783099616,0.2673116831852357,0.17795431755647867,0.2732900091679767,0.25619220093566913,1000.0,0.0,0.75993611006414,0.22561420322109496,0.7497921020215068,0.3149769024652594,0.04112726987346985,0.009553035738324337,0.038290000000000005,0.009304548972354724,382.9,93.04548972354726,0.038290000000000005,0.009304548972354724,Matching Pennies,1.01357374135271,0.012610087593592816,1.0136299999999998,0.017611870996575008,25.0,0.0,20,10000.0,0.0,EXP3 Opponent,0.027392928371165026,0.013951312255400862,0.03181321616134449,0.025646493432016425
PG-RM+ 2.0,8.0,0.0,9.5,5.916079783099616,0.2952510979751125,0.15940090742870916,0.28696927609853445,0.26320816765918326,1000.0,0.0,0.7308188805834899,0.19636668501829896,0.7333781198381822,0.3199299963571412,0.039761752838437435,0.009427151547913574,0.03814,0.0088532123221491,381.4,88.53212322149099,0.03814,0.0088532123221491,Matching Pennies,1.016115927019396,0.011068837861827089,1.0134699999999999,0.0213289301925318,25.0,0.0,20,10000.0,0.0,EXP3 Opponent,0.02950331554973711,0.017685816423389098,0.021935318824568867,0.021124798106003602
PG-RM-NoClip,9.0,0.0,9.5,5.916079783099616,0.1933408578525821,0.11363269210532642,0.2005911747808568,0.22480909605444596,1000.0,0.0,0.859726889751283,0.08936487086940206,0.8337973478948859,0.26283444279257473,0.07088550902546528,0.03864593503918651,0.06736,0.03700296431937653,673.6,370.0296431937653,0.06736,0.03700296431937653,Matching Pennies,1.0321245185047239,0.030546041617196807,1.02782,0.034847813493290476,25.0,0.0,20,10000.0,0.0,EXP3 Opponent,0.044742457612303665,0.029071322936358942,0.042578030805943676,0.03553383345605579
PG-SoftmaxRM 0.5,10.0,0.0,9.5,5.916079783099616,0.21925750197883462,0.13236348865895323,0.17410154975950717,0.1700170073502232,1000.0,0.0,0.8345200809689011,0.11380394226833492,0.8862644374919224,0.16121805846631784,0.06820002826763157,0.044838762286062754,0.06419,0.044362643127559005,641.9,443.62643127559,0.06505,0.04284247154893206,Matching Pennies,1.0250290471417318,0.02704723478901028,1.01449,0.024491929927609766,25.0,0.0,20,10000.0,0.0,EXP3 Opponent,0.03563223249704689,0.019109114606528817,0.026240975145435386,0.023852981655053864
PG-SoftmaxRM 1.0,11.0,0.0,9.5,5.916079783099616,0.17710096581074902,0.12992991465118645,0.18222018880187535,0.19484703505503448,1000.0,0.0,0.8734215062191939,0.11486202965820279,0.8720386689473532,0.18474825158094915,0.08376047043968901,0.03200702208635375,0.07891000000000001,0.029934910090148308,789.1,299.3491009014831,0.07891000000000001,0.029934910090148308,Matching Pennies,1.0430069484819728,0.02643133547304634,1.0427300000000002,0.029618079471480735,25.0,0.0,20,10000.0,0.0,EXP3 Opponent,0.04245108188227529,0.029376189068690974,0.046204231836597144,0.03433121038374085
PG-DiscountRM+ 0.95,12.0,0.0,9.5,5.916079783099616,0.4781301666781307,0.08818051864905585,0.48634346574544907,0.1485882967868599,1000.0,0.0,0.5580295710272951,0.1325530225654006,0.5609920163569054,0.23769479971203636,0.014090033418064796,0.01850368195451145,0.01066,0.019790917640489323,106.6,197.90917640489326,0.014189999999999998,0.014091949922973006,Matching Pennies,1.000299496393562,0.01894036015553581,0.9998799999999999,0.018941838959242955,25.0,0.0,20,10000.0,0.0,EXP3 Opponent,0.017101405364268112,0.0101619999029461,0.015734385659349277,0.011727576542937754
PG-DiscountRM+ 0.99,13.0,0.0,9.5,5.916079783099616,0.3925083940468728,0.0642605679967372,0.36313190311193466,0.17539890478753262,1000.0,0.0,0.6693592881872511,0.07387382252690762,0.70324168426567,0.2617911620598789,0.02459568003077168,0.023354273548483104,0.025710000000000004,0.02303685605376969,257.1,230.36856053769694,0.02706,0.020878102353775758,Matching Pennies,1.006087327918969,0.023012348745389336,1.0052600000000003,0.0245906357872474,25.0,0.0,20,10000.0,0.0,EXP3 Opponent,0.018466420453572437,0.00952663780789448,0.013516294572005844,0.007242971535030464
PG-Progressive-Linear,14.0,0.0,9.5,5.916079783099616,0.24111399039112147,0.13053862412590708,0.21885804936173373,0.18108527354632972,1000.0,0.0,0.8152901926429307,0.114108691365144,0.8537933197137606,0.16117165089284533,0.05757036775551272,0.03596881680273642,0.06921,0.049553096456438045,692.1,495.53096456438044,0.06921,0.049553096456438045,Matching Pennies,1.0281927169239142,0.031249409644644514,1.0300300000000002,0.040958889530588447,25.0,0.0,20,10000.0,0.0,EXP3 Opponent,0.03512337215208146,0.02479649677362726,0.02987351596992598,0.03553533507174724
PG-Progressive-Exp,15.0,0.0,9.5,5.916079783099616,0.1883464073451236,0.08731781654062348,0.1306305832695216,0.13367037736606022,1000.0,0.0,0.8676455400261182,0.07031577416593832,0.9275073651684215,0.09397586283791325,0.07315625722982008,0.04623745641490336,0.07136999999999999,0.057697478737216756,713.7,576.9747873721676,0.07422999999999999,0.05287758554086579,Matching Pennies,1.0330216020852774,0.041242130287806565,1.0273400000000001,0.04234122540056032,25.0,0.0,20,10000.0,0.0,EXP3 Opponent,0.0463221082068543,0.04079654407435016,0.03768566265830353,0.04045827576690391
PG-RM+only,16.0,0.0,9.5,5.916079783099616,0.2658549838694743,0.15729305725279238,0.3537845830898732,0.2678153897674338,1000.0,0.0,0.7769007616418098,0.1826955595982171,0.6473861476382841,0.3541803821424099,0.03626227384432451,0.026804374810777177,0.02991,0.026824849045535924,299.1,268.2484904553592,0.03165,0.023961449301567277,Matching Pennies,1.007337032453814,0.01984811512270202,1.00335,0.02551374242700547,25.0,0.0,20,10000.0,0.0,EXP3 Opponent,0.03028893244078924,0.019903425254501454,0.027968150062312912,0.018742744271522505
PG-Entropyonly,17.0,0.0,9.5,5.916079783099616,0.14682504551731543,0.23423485282053322,0.1307773411440054,0.22067579970295537,1000.0,0.0,0.8644265763931307,0.22136362107844357,0.8951530445614404,0.18990744687333372,0.5817182948108118,0.47808558215427976,0.5859499999999999,0.47836724001104997,5859.5,4783.672400110499,0.58605,0.4782380551236184,Matching Pennies,1.262921686900388,0.2732969968654196,1.27258,0.27781376495775006,25.0,0.0,20,10000.0,0.0,EXP3 Opponent,0.3000362982449173,0.2967765828225353,0.3095045219263194,0.3034716617026448
MW,0.0,0.0,9.5,5.916079783099616,0.10200096257194032,0.07752368345440348,0.10510927767145306,0.23411519821907714,1000.0,0.0,0.9410444730832024,0.04571421973119385,0.9374683160294038,0.1521643278582784,0.009679453102670477,0.004661576857098988,0.009289999999999998,0.004653793020073434,92.9,46.53793020073434,0.009409999999999998,0.004358041568845974,Rock-Paper-Scissors,1.000356709455224,0.0031600141973725255,1.000115,0.004207421388076325,25.0,0.0,20,10000.0,0.0,MW Opponent,0.010029137121996103,0.0018340759672990329,0.009224459529934583,0.004479497627718287
EXP3,1.0,0.0,9.5,5.916079783099616,0.36041785272314797,0.04149266865223246,0.34666711580065984,0.10704052857097185,1000.0,0.0,0.8485723772415863,0.03147907665691935,0.8638507375252826,0.08044559376988197,0.035833206421102444,0.019747120154429053,0.036655,0.023270570413473347,366.55,232.70570413473348,0.036655,0.023270570413473347,Rock-Paper-Scissors,1.0060212190228188,0.007593081518094708,1.006675,0.012460331794179982,25.0,0.0,20,10000.0,0.0,MW Opponent,0.016296864096538577,0.005613660133205213,0.01648600947483549,0.011446989872984618
PG-Vanilla,2.0,0.0,9.5,5.916079783099616,0.2082211872955222,0.2663665082726738,0.1530290133472741,0.2508732561710263,1000.0,0.0,0.8907449140772602,0.14318471470694094,0.9350109082188585,0.12208127729061138,0.8608870872317933,0.7260906696020392,0.844745,0.7253593769733441,8447.45,7253.59376973344,0.844745,0.7253593769733441,Rock-Paper-Scissors,1.4114082436278246,0.37454373076916286,1.3964999999999999,0.37548442535504784,25.0,0.0,20,10000.0,0.0,MW Opponent,0.415222831662352,0.3724004617212623,0.4001039398754343,0.3736314869461922
PG-RM+ 0.1,4.0,0.0,9.5,5.916079783099616,0.5467990123488009,0.09052220957089854,0.6897294886410237,0.2999540604781387,1000.0,0.0,0.7103712793602667,0.07455381489509123,0.5583100361172688,0.2934882361828231,0.05849177639631932,0.019645813262643058,0.05576,0.017817596270038934,557.6,178.17596270038933,0.05576,0.017817596270038934,Rock-Paper-Scissors,1.024284669115588,0.01131390157843106,1.0270899999999998,0.014842857577051352,25.0,0.0,20,10000.0,0.0,MW Opponent,0.02838343211852447,0.011138173753761665,0.03156954616774499,0.014082139360654411
PG-RM+ 0.05,3.0,0.0,9.5,5.916079783099616,0.5052484175629914,0.10951222123645674,0.5668160006403923,0.29813669269773185,1000.0,0.0,0.7438236223748841,0.07766874362195926,0.6929465156412773,0.2735281107622469,0.0647887689774128,0.01955032044522314,0.061145000000000005,0.01789052895572933,611.45,178.90528955729326,0.061145000000000005,0.01789052895572933,Rock-Paper-Scissors,1.0239291461538018,0.010691386417539587,1.02366,0.013260284985426857,25.0,0.0,20,10000.0,0.0,MW Opponent,0.02906080792965781,0.010653079049756469,0.028241063530342187,0.014874558126778343
PG-RM+ 0.2,5.0,0.0,9.5,5.916079783099616,0.6323628328248858,0.10309311674561318,0.5909172505140304,0.17974818547462382,1000.0,0.0,0.6379047171119944,0.08300868075020214,0.6811745048625414,0.17715511505878853,0.04469167283271756,0.012471081609417997,0.042234999999999995,0.009079315705724221,422.35,90.79315705724221,0.042234999999999995,0.009079315705724221,Rock-Paper-Scissors,1.015473662065459,0.007242693724699203,1.012445,0.012307570413110938,25.0,0.0,20,10000.0,0.0,MW Opponent,0.020465771787954487,0.006830195475995418,0.01842409934529434,0.012187654815741186
PG-RM+ 0.5,6.0,0.0,9.5,5.916079783099616,0.7153557516090572,0.09840277375438332,0.6615685433149338,0.16407498042135044,1000.0,0.0,0.5531417586232912,0.08881504324682349,0.5823913178832762,0.19272606822734942,0.039620383516464616,0.007615650428190006,0.03730499999999999,0.007496348233780583,373.05,74.96348233780583,0.03730499999999999,0.007496348233780583,Rock-Paper-Scissors,1.0141562075512536,0.006211295176881455,1.0088149999999998,0.008468161734278286,25.0,0.0,20,10000.0,0.0,MW Opponent,0.022102659727868887,0.007660988732238171,0.016596459886694257,0.009354855705946135
PG-RM+ 1.0,7.0,0.0,9.5,5.916079783099616,0.7300211186371743,0.09855527169789804,0.6803357914090157,0.18009242943410722,1000.0,0.0,0.5192135449409184,0.10166930819533544,0.5965382967248378,0.18114402460502285,0.0369001531553151,0.008703487709923054,0.036950000000000004,0.006668425206661772,369.5,66.68425206661773,0.036950000000000004,0.006668425206661772,Rock-Paper-Scissors,1.0154707803879641,0.006038252138463756,1.01243,0.008830992076354256,25.0,0.0,20,10000.0,0.0,MW Opponent,0.02381907220250417,0.006961846766537839,0.01990971832067396,0.011225325586139387
PG-RM+ 2.0,8.0,0.0,9.5,5.916079783099616,0.6931443059787153,0.10898556393272535,0.5944452784955502,0.21192188960265435,1000.0,0.0,0.5303244877220983,0.10659181483925105,0.638061296937767,0.19151692956694716,0.037608217572608266,0.007881080612150222,0.037759999999999995,0.007998118199729365,377.6,79.98118199729366,0.037759999999999995,0.007998118199729365,Rock-Paper-Scissors,1.0143648950285526,0.004968008409330479,1.0085549999999999,0.008424867639128955,25.0,0.0,20,10000.0,0.0,MW Opponent,0.0224123732328293,0.008562338345631932,0.017733796261825117,0.010248242432172379
PG-RM-NoClip,9.0,0.0,9.5,5.916079783099616,0.637717444960773,0.12245352366473015,0.5210835710167885,0.2095071277550008,1000.0,0.0,0.6241801043066929,0.09730158884867242,0.710833498081055,0.20592207333072268,0.04982111052670267,0.014004696177678355,0.047245,0.013856614419038106,472.45,138.56614419038104,0.047245,0.013856614419038106,Rock-Paper-Scissors,1.0194707600333408,0.007685005326639803,1.0155100000000004,0.010399691290964758,25.0,0.0,20,10000.0,0.0,MW Opponent,0.024929566746657,0.00897697921774608,0.022382721477469218,0.010299085938743643
PG-SoftmaxRM 0.5,10.0,0.0,9.5,5.916079783099616,0.3589678065992892,0.08949244152388468,0.23458376936614514,0.16422265254832333,1000.0,0.0,0.8342522118158323,0.05385131129026673,0.914136911398618,0.09198983229784492,0.11559897261820604,0.03198432700370903,0.11677,0.033108388188207716,1167.7,331.0838818820772,0.11677,0.033108388188207716,Rock-Paper-Scissors,1.0598373141114252,0.02137422150529001,1.0465149999999999,0.020954016698224567,25.0,0.0,20,10000.0,0.0,MW Opponent,0.06457449236002737,0.022874572608158728,0.05023429623287244,0.02013947554878977
PG-SoftmaxRM 1.0,11.0,0.0,9.5,5.916079783099616,0.29509945223014805,0.11116001248117063,0.2668049968779087,0.2499650204438169,1000.0,0.0,0.8714963290795696,0.06722670800389939,0.8865652449753091,0.17821679307447147,0.1335198723363687,0.033474519204838446,0.12545,0.029797553767487623,1254.5,297.9755376748762,0.12545,0.029797553767487623,Rock-Paper-Scissors,1.0582576795001053,0.016557966599060645,1.04962,0.025300376531419033,25.0,0.0,20,10000.0,0.0,MW Opponent,0.06182694053139829,0.017186491217628188,0.05278952829715642,0.02478362510209758
PG-DiscountRM+ 0.95,12.0,0.0,9.5,5.916079783099616,0.7060415239065886,0.08091943896599291,0.7805177867412567,0.1890275010513932,1000.0,0.0,0.5987610932243715,0.07446453997316732,0.5391404374530439,0.17669988967346056,0.027340158919878888,0.007979336754978953,0.027245000000000002,0.010244560816149684,272.45,102.44560816149684,0.027245000000000002,0.010244560816149684,Rock-Paper-Scissors,1.0070458286008632,0.004595773557882919,1.00707,0.005541337478680718,25.0,0.0,20,10000.0,0.0,MW Opponent,0.013828420311257406,0.0036228777803214707,0.01253967677788186,0.004577690814111256
PG-DiscountRM+ 0.99,13.0,0.0,9.5,5.916079783099616,0.6313104272536932,0.0620683467002049,0.7304354935884476,0.25130460346471584,1000.0,0.0,0.6607181415000521,0.04751205066704632,0.5680346707662676,0.24036499074170384,0.038197362324958094,0.011805631649285511,0.032535,0.014302163067908737,325.35,143.02163067908737,0.032535,0.014302163067908737,Rock-Paper-Scissors,1.0112385131243327,0.004087659428123458,1.0138649999999998,0.006091864721862572,25.0,0.0,20,10000.0,0.0,MW Opponent,0.01722757832577353,0.002783153981630001,0.01913989151110209,0.00860211660223548
PG-Progressive-Linear,14.0,0.0,9.5,5.916079783099616,0.49606515389829875,0.11284032086030334,0.4799532197415829,0.3143966391036816,1000.0,0.0,0.7423544222590163,0.07833945401455171,0.7310624831907905,0.26700061494525734,0.07142381261803085,0.027319627382163307,0.06603,0.02648847018292259,660.3,264.8847018292259,0.06603,0.02648847018292259,Rock-Paper-Scissors,1.027074037210439,0.01131400446570814,1.02152,0.014635342946371137,25.0,0.0,20,10000.0,0.0,MW Opponent,0.03058419430733412,0.010784356763809714,0.02617878219902383,0.013758104498038872
PG-Progressive-Exp,15.0,0.0,9.5,5.916079783099616,0.47363221946731215,0.12255364239312887,0.5189460724592209,0.275319941273821,1000.0,0.0,0.7600901524571545,0.08979485150294823,0.7202293770026088,0.24211003234368436,0.08384144564759469,0.030506180873876628,0.083985,0.030427381626284885,839.85,304.2738162628488,0.083985,0.030427381626284885,Rock-Paper-Scissors,1.0337430918053274,0.014587666850300466,1.03762,0.01866856631937903,25.0,0.0,20,10000.0,0.0,MW Opponent,0.035907549819555754,0.014732268602055114,0.039874391690956315,0.018543396560288333
PG-RM+only,16.0,0.0,9.5,5.916079783099616,0.5303706558480858,0.11252568255270862,0.5923290319740773,0.27009733245994033,1000.0,0.0,0.7161401204678032,0.08588601108581016,0.6286412341667348,0.25029844493274767,0.06099347557643865,0.016915140451094532,0.05765999999999999,0.018188353705773257,576.6,181.88353705773258,0.05765999999999999,0.018188353705773257,Rock-Paper-Scissors,1.025702860778812,0.009139416809866038,1.0252250000000003,0.015477483645605947,25.0,0.0,20,10000.0,0.0,MW Opponent,0.031007170710077588,0.011199669310842023,0.029595409298835307,0.01644678608921262
PG-Entropyonly,17.0,0.0,9.5,5.916079783099616,0.192740679461071,0.33210195463831294,0.17571461679423772,0.3262046562691032,1000.0,0.0,0.8867720341728168,0.2041423602389078,0.9040204360019647,0.19367998677906506,0.9069645532906154,0.6574695570389039,0.904505,0.660985320702518,9045.05,6609.8532070251795,0.904505,0.660985320702518,Rock-Paper-Scissors,1.4224716142412397,0.35035730191291736,1.41788,0.355045416813117,25.0,0.0,20,10000.0,0.0,MW Opponent,0.42601043812985867,0.34834382414922865,0.42117516638835806,0.35323656385431146
MW,0.0,0.0,9.5,5.916079783099616,0.16128525317172757,0.13532579249721413,0.15364736151464314,0.2642641064839902,1000.0,0.0,0.9047524845776966,0.08227783326387648,0.902417326041794,0.18561773955596153,0.009165087731553882,0.004241833070326905,0.008804999999999999,0.0040792768967060815,88.05,40.792768967060816,0.008804999999999999,0.0040792768967060815,Rock-Paper-Scissors,0.9927386910742998,0.011383359101614334,0.9956849999999999,0.009356015514939536,25.0,0.0,20,10000.0,0.0,EXP3 Opponent,0.03217295899673629,0.01276763559039001,0.03068712965832062,0.017065034371083233
EXP3,1.0,0.0,9.5,5.916079783099616,0.3756145501390274,0.1015019047221038,0.33279161403528734,0.10500088965626136,1000.0,0.0,0.8345742582570894,0.08281814062432163,0.8767442364583744,0.06062600538369821,0.03223613654033394,0.0251860666746079,0.033,0.02360976604355873,330.0,236.09766043558733,0.033105,0.023449575801347836,Rock-Paper-Scissors,0.9992149230171791,0.015399636771813899,0.9993000000000001,0.01890474738482929,25.0,0.0,20,10000.0,0.0,EXP3 Opponent,0.03778635630778411,0.023347360379747356,0.03663766579788402,0.025450228494855995
PG-Vanilla,2.0,0.0,9.5,5.916079783099616,0.2483311730656149,0.2682580548586624,0.2300687349941617,0.2839016335817603,1000.0,0.0,0.8721042797346806,0.15819148483870546,0.8980763259139781,0.16317722131551307,0.6075955063063226,0.6422407334443796,0.59386,0.6363074243758198,5938.6,6363.074243758197,0.59386,0.6363074243758198,Rock-Paper-Scissors,1.260759942184728,0.3152606529541056,1.2579849999999997,0.31075103975775575,25.0,0.0,20,10000.0,0.0,EXP3 Opponent,0.3038311728971046,0.3432846727807873,0.29998003664173306,0.3390753627787772
PG-RM+ 0.1,4.0,0.0,9.5,5.916079783099616,0.523706378429383,0.15761600144720334,0.5831894919276237,0.30880300487983253,1000.0,0.0,0.7159608465449654,0.12098843146745772,0.6421126337602148,0.29683685385542524,0.043494809489200106,0.01496643308792974,0.045675,0.01347445438793837,456.75,134.74454387938368,0.045675,0.01347445438793837,Rock-Paper-Scissors,1.0111117456494934,0.015633483324886482,1.0139999999999998,0.014750057983828939,25.0,0.0,20,10000.0,0.0,EXP3 Opponent,0.03786744262738116,0.014222523392795443,0.04121557477229811,0.021038343528359673
PG-RM+ 0.05,3.0,0.0,9.5,5.916079783099616,0.5356443105563521,0.11220152299359089,0.6267355769872666,0.21058324398641723,1000.0,0.0,0.7239389553201875,0.08263073466642402,0.668628577194614,0.16190760649732155,0.04655975581784648,0.020851489090463842,0.04678500000000001,0.019234515987233938,467.85,192.34515987233937,0.04678500000000001,0.019234515987233938,Rock-Paper-Scissors,1.0133064991290812,0.01589416864342306,1.0173750000000001,0.016812303608714038,25.0,0.0,20,10000.0,0.0,EXP3 Opponent,0.03685545555148699,0.01244429513682471,0.037598959049953674,0.025379614730363077
PG-RM+ 0.2,5.0,0.0,9.5,5.916079783099616,0.6197402687489987,0.20321167781542407,0.6163550816476345,0.25629263543269437,1000.0,0.0,0.6337141837886652,0.16494175593647273,0.6492417383319486,0.2141272787606277,0.04602661902671144,0.00980208827290585,0.04284999999999999,0.011117577358210264,428.5,111.17577358210262,0.04284999999999999,0.011117577358210264,Rock-Paper-Scissors,1.0172578772342888,0.010603763271473802,1.0157950000000002,0.010904826309579866,25.0,0.0,20,10000.0,0.0,EXP3 Opponent,0.03853286071650299,0.02078978778577239,0.03807518358342851,0.022946781404171262
PG-RM+ 0.5,6.0,0.0,9.5,5.916079783099616,0.6358546951558443,0.20548448458131133,0.6568076550960541,0.20964462074950416,1000.0,0.0,0.60093204483852,0.16044352819392974,0.5759067989747246,0.21099494112541037,0.03846299552133585,0.009656480391647225,0.03552999999999999,0.008491921857983932,355.3,84.91921857983931,0.03552999999999999,0.008491921857983932,Rock-Paper-Scissors,1.0066540941739195,0.01673987550669269,1.0083550000000001,0.013891893698352139,25.0,0.0,20,10000.0,0.0,EXP3 Opponent,0.041714960476256155,0.021788972887479673,0.03861951289010154,0.022715258263629464
PG-RM+ 1.0,7.0,0.0,9.5,5.916079783099616,0.6141940308302641,0.14635360165555375,0.6904106728732586,0.2924093412141087,1000.0,0.0,0.5845531661113819,0.12581330633635168,0.5277358642806366,0.2625874451577873,0.03598172152474747,0.006636145590445657,0.033575,0.007770245203744589,335.75,77.7024520374459,0.033575,0.007770245203744589,Rock-Paper-Scissors,1.006509947007411,0.009894437956767168,1.0116450000000001,0.011023156248743398,25.0,0.0,20,10000.0,0.0,EXP3 Opponent,0.04088140763338316,0.02238201896342237,0.04600380492082258,0.024559016388531484
PG-RM+ 2.0,8.0,0.0,9.5,5.916079783099616,0.6747923287518323,0.21304799418730874,0.5947773307561874,0.3205601672400854,1000.0,0.0,0.5546206976049459,0.1905658487870708,0.5851556642408668,0.2932040347110754,0.03676348435938474,0.006821876177953539,0.03552500000000001,0.008184508794700287,355.25,81.84508794700285,0.03552500000000001,0.008184508794700287,Rock-Paper-Scissors,1.0083892716222504,0.013628865243101227,1.0016349999999998,0.016981577479262964,25.0,0.0,20,10000.0,0.0,EXP3 Opponent,0.03640392141469878,0.01974096546742801,0.03008224353161218,0.014243251165048387
PG-RM-NoClip,9.0,0.0,9.5,5.916079783099616,0.6829999604076147,0.14260825401984295,0.7092949941754341,0.1725078989178354,1000.0,0.0,0.5909700879304064,0.12657415916143608,0.5598793685260701,0.1766534288283678,0.03653822113782406,0.016931943128818423,0.033800000000000004,0.015492986528715093,338.0,154.92986528715093,0.033800000000000004,0.015492986528715093,Rock-Paper-Scissors,1.0069394476659412,0.015461922355762835,1.0068950000000003,0.017575804990174165,25.0,0.0,20,10000.0,0.0,EXP3 Opponent,0.03528202299585566,0.016169620476635428,0.03442652002011016,0.017635157215067282
PG-SoftmaxRM 0.5,10.0,0.0,9.5,5.916079783099616,0.3351718088326975,0.16336188770353036,0.40101601034402845,0.29795632804090144,1000.0,0.0,0.8410571752784582,0.10795961518546762,0.7852653733799603,0.22326957710358,0.09459598904886439,0.02749800632772303,0.08994499999999998,0.026196795203752853,899.45,261.9679520375285,0.08994499999999998,0.026196795203752853,Rock-Paper-Scissors,1.0342384649959544,0.021077252022869985,1.0385399999999998,0.02282912267489186,25.0,0.0,20,10000.0,0.0,EXP3 Opponent,0.062201296922754765,0.02714527002827705,0.06082223132105814,0.02760936581810889
PG-SoftmaxRM 1.0,11.0,0.0,9.5,5.916079783099616,0.36420327989496293,0.14825285782580103,0.42733504101634023,0.2804014326247796,1000.0,0.0,0.827680835638809,0.09266404394292121,0.7872062288939722,0.2031420968667715,0.09086962624267095,0.027886393784675747,0.08861500000000001,0.02936009240986461,886.15,293.6009240986461,0.08861500000000001,0.02936009240986461,Rock-Paper-Scissors,1.0411928697149884,0.017523807845993753,1.044865,0.028805742757121788,25.0,0.0,20,10000.0,0.0,EXP3 Opponent,0.049561948948795516,0.01355569697537381,0.053403479678197766,0.02667718813703847
PG-DiscountRM+ 0.95,12.0,0.0,9.5,5.916079783099616,0.8414346317201853,0.09798421014972326,0.86393351405859,0.16977033402980174,1000.0,0.0,0.4628012539148763,0.10587847442743788,0.4434585849715722,0.18416719960196887,0.011587907725449811,0.01558007268165041,0.010544999999999999,0.019057129485064803,105.45,190.57129485064806,0.015090000000000003,0.011431024266857003,Rock-Paper-Scissors,0.9909430448657623,0.01589754686083519,0.9907599999999999,0.015750301584414168,25.0,0.0,20,10000.0,0.0,EXP3 Opponent,0.027089132229499362,0.01321229497352636,0.022683549820890388,0.01139558081775675
PG-DiscountRM+ 0.99,13.0,0.0,9.5,5.916079783099616,0.6639066891975702,0.10675935671333023,0.6966349437832833,0.27250576055429954,1000.0,0.0,0.6243600764699317,0.09318522523146326,0.5944417322656714,0.26026084226957374,0.021413273503252003,0.015895520333230276,0.022455,0.017086944077123238,224.55,170.86944077123235,0.023295,0.015621526140149316,Rock-Paper-Scissors,0.9979391552949183,0.014576067005811023,0.9987900000000002,0.014329575598813295,25.0,0.0,20,10000.0,0.0,EXP3 Opponent,0.033477033641446156,0.014588499183115429,0.026710558668162743,0.014195556480757137
PG-Progressive-Linear,14.0,0.0,9.5,5.916079783099616,0.5866211610257624,0.17623059631938387,0.5866256073117256,0.3044845115383128,1000.0,0.0,0.6774717665421663,0.14013445388255868,0.6682821319032197,0.27057949131855935,0.050970735424388715,0.01914201241527021,0.05352500000000001,0.0218104483652844,535.25,218.10448365284398,0.05352500000000001,0.0218104483652844,Rock-Paper-Scissors,1.0177256302273716,0.015515078748756411,1.016135,0.015873157580612224,25.0,0.0,20,10000.0,0.0,EXP3 Opponent,0.038394378760136266,0.015698340907190605,0.03356300728572105,0.01753635253800716
PG-Progressive-Exp,15.0,0.0,9.5,5.916079783099616,0.5088786923199893,0.17804718780236595,0.5625629104673863,0.29055353347543833,1000.0,0.0,0.7214335472354095,0.14543445039753256,0.6774912256230959,0.22564983390574586,0.06456877082447171,0.02453135574624733,0.06358499999999999,0.02329857178816807,635.85,232.9857178816807,0.06358499999999999,0.02329857178816807,Rock-Paper-Scissors,1.0212081607998376,0.01429137691821334,1.02311,0.018664570997649937,25.0,0.0,20,10000.0,0.0,EXP3 Opponent,0.05495585527370872,0.024252082744695782,0.0516182025900252,0.03093943058983299
PG-RM+only,16.0,0.0,9.5,5.916079783099616,0.6368077295623721,0.18225007966499734,0.6200452305376529,0.2713078911993262,1000.0,0.0,0.6198483820733632,0.14879847327134857,0.637105284000974,0.25309391749877713,0.04631290305192379,0.012119064144204644,0.046884999999999996,0.012814517877042922,468.85,128.1451787704292,0.046884999999999996,0.012814517877042922,Rock-Paper-Scissors,1.0182713895883626,0.01090316966057048,1.01925,0.013221215009059862,25.0,0.0,20,10000.0,0.0,EXP3 Opponent,0.03820224962852185,0.01703664616162923,0.03739241378000515,0.018744626273379472
PG-Entropyonly,17.0,0.0,9.5,5.916079783099616,0.4501866590558824,0.4237634926537098,0.46963599048384613,0.4644293950391716,1000.0,0.0,0.7148965069619891,0.27679595473611573,0.6934599731595272,0.3345152789585717,0.49750859572727657,0.6094445771176703,0.504035,0.6130753875469064,5040.35,6130.753875469064,0.504035,0.6130753875469064,Rock-Paper-Scissors,1.2530332098924988,0.32663964248380556,1.255935,0.3289408141852301,25.0,0.0,20,10000.0,0.0,EXP3 Opponent,0.30408132668340954,0.3463648464381939,0.30670321430959363,0.3493907024996452
